{
  "A fresh verification link has been sent to your email address.": "קישור חדש לאימות נשלח לדואר האלקטרוני שלך.",
  "All rights reserved.": "כל הזכויות שמורות",
  "Before proceeding, please check your email for a verification link.": "לפני שתמשיכו, אנא בדקו בדואר הלאקטרוני שלכם אחר קישור האימות.",
  "click here to request another": "הקליקו כאן לבקשת אחד חדש",
  "Confirm Password": "אימות סיסמה",
  "E-Mail Address": "דואר אלקטרוני",
  "Forbidden": "אסור",
  "Forgot Your Password?": "שכחתם את הסיסמה?",
  "Go Home": "חזרה לדף הבית",
  "Hello!": "שלום!",
  "If you did not create an account, no further action is required.": "אם לא יצרתם את החשבון, אין צורך לעשות דבר.",
  "If you did not receive the email": "אם לא קיבלתם את המייל",
  "If you did not request a password reset, no further action is required.": "אם לא ביקשתם לאפס את הסיסמה, אין צורך לעשות דבר.",
  "If you’re having trouble clicking the \":actionText\" button, copy and paste the URL below\ninto your web browser: [:actionURL](:actionURL)": " אם אתם נתקלים בבעיה ללחוץ על \":actionText\", [:actionURL](:actionURL) אנא העתיקו את הקישור המופיע מטה לתוך שורת הכתובות",
  "Invalid signature.": "חתימה אינה תקינה.",
  "Login": "התחברות",
  "Logout": "התנתקות",
  "Name": "שם",
  "Not Found": "לא נמצא",
  "Oh no": "אוי, לא",
  "Page Expired": "תוקף הדף פג",
  "Password": "סיסמה",
  "Please click the button below to verify your email address.": "אנא לחצו על הכפתור מטה לאימות הדואר האלקטרוני שלכם.",
  "Regards": "בברכה",
  "Register": "הרשמה",
  "Remember Me": "זכור אותי",
  "Reset Password": "איפוס סיסמה",
  "Reset Password Notification": "הודעת איפוס סיסמה",
  "Send Password Reset Link": "שלח קישור לאיפוס הסיסמה",
  "Server Error": "תקלת שרת",
  "Service Unavailable": "השירות אינו זמין",
  "This action is unauthorized.": "הפעולה הזו אינה מורשית.",
  "This password reset link will expire in :count minutes.": "תוקף הקישור הזה ייגמר בעוד :count דקות.",
  "Toggle navigation": "שינוי מצב ניווט",
  "Too Many Attempts.": "יותר מדי נסיונות.",
  "Too Many Requests": "יותר מדי בקשות.",
  "Unauthorized": "לא מורשה",
  "Verify Email Address": "אימות דואר אלקטרוני",
  "Verify Your Email Address": "אימות הדואר האלקטורני שלך",
  "You are receiving this email because we received a password reset request for your account.": "קיבלתם את המייל הזה מכיוון שקיבלנו בקשה לאיפוס הסיסמה עבור החשבון שלכם.",
  "Your email address is not verified.": "כתובת הדואר האלקטורני שלכם אינה מאומתת.",
  "Whoops!": "אוופס!"
}
