{
  "A fresh verification link has been sent to your email address.": "Új hitelesítő hivatkozást küldtünk e-mail címére.",
  "All rights reserved.": "Minden jog fenntartva.",
  "Before proceeding, please check your email for a verification link.": "Továbblépés előtt ellenőrizze e-mail címén a jelszó helyreállító hivatkozást.",
  "click here to request another": "kattintson ide új igényléséhez",
  "Confirm Password": "Jelszó megerősítése",
  "E-Mail Address": "E-mail cím",
  "Forbidden": "Tiltott",
  "Forgot Your Password?": "Elfelejtett jelszó?",
  "Go Home": "Főoldalra",
  "Hello!": "Helló!",
  "If you did not create an account, no further action is required.": "Ha nem Ön hozta létre ezt a fiókot, akkor nincs további teendője.",
  "If you did not receive the email": "Ha nem kapta meg az üzenetet",
  "If you did not request a password reset, no further action is required.": "Ha nem kezdeményzett jelszó helyreállítást, nincs további teendője.",
  "If you’re having trouble clicking the \":actionText\" button, copy and paste the URL below\ninto your web browser: [:actionURL](:actionURL)": "Ha problémákba ütközik a \":actionText\" gombra kattintáskor, másolja be az allábi hivatkozást\na böngészőjébe: [:actionURL](:actionURL)",
  "Invalid signature.": "Érvénytelen aláírás.",
  "Login": "Bejelentkezés",
  "Logout": "Kijelentkezés",
  "Name": "Név",
  "Not Found": "Nem található",
  "Oh no": "Ó ne",
  "Page Expired": "Lejárt oldal",
  "Password": "Jelszó",
  "Please click the button below to verify your email address.": "Kérjük kattintson az alábbi gombra az e-mail címe megerősítéséhez.",
  "Regards": "Üdvözlettel",
  "Register": "Regisztráció",
  "Remember Me": "Emlékezzen rám",
  "Reset Password": "Jelszó helyreállítás",
  "Reset Password Notification": "Jelszó helyreállítás emlékeztető",
  "Send Password Reset Link": "Jelszó helyreállító hivatkozás küldése",
  "Server Error": "Szerver hiba",
  "Service Unavailable": "Szolgáltatás nem elérhető",
  "This action is unauthorized.": "Ez a művelet nem engedélyezett.",
  "This password reset link will expire in :count minutes.": "Ez a jelszó helyreállító hivatkozás :count perc múlva le fog járni.",
  "Toggle navigation": "Navigáció be/ki",
  "Too Many Attempts.": "Túl sok próbálkozás.",
  "Too Many Requests": "Túl sok lekérés",
  "Unauthorized": "Jogosulatlan",
  "Verify Email Address": "E-mail cím megerősítése",
  "Verify Your Email Address": "Erősítse meg e-mail címét",
  "You are receiving this email because we received a password reset request for your account.": "Azért kapja ezt az üzenetet, mert a fiókjára jelszó helyreállítási kérés érkezett.",
  "Your email address is not verified.": "Az e-mail címe nincs megerősítve.",
  "Whoops!": "Hoppá!"
}
