{
  "A fresh verification link has been sent to your email address.": "En ny bekreftelseslenke har blitt sendt til e-postadressen din.",
  "All rights reserved.": "Alle rettigheter forbeholdt.",
  "Before proceeding, please check your email for a verification link.": "Før du fortsetter, vennligst sjekk e-posten din og se etter en bekreftelseslenke.",
  "click here to request another": "klikk her for å be om en ny",
  "Confirm Password": "Bekreft passord",
  "E-Mail Address": "E-postadresse",
  "Error": "Feil",
  "Forbidden": "Forbudt",
  "Forgot Your Password?": "Glemt passordet ditt?",
  "Go Home": "Gå til forsiden",
  "Hello!": "Hallo!",
  "hi": "hei",
  "If you did not create an account, no further action is required.": "Dersom du ikke har opprettet en konto, trenger du ikke foreta deg noe.",
  "If you did not receive the email": "Dersom du ikke har mottatt e-posten",
  "If you did not request a password reset, no further action is required.": "Dersom du ikke har bedt om å nullstille passordet, trenger du ikke foreta deg noe.",
  "If you’re having trouble clicking the \":actionText\" button, copy and paste the URL below\ninto your web browser: [:actionURL](:actionURL)": "Dersom du har problemer med å klikke \":actionText\"-knappen, kopier og lim nettadressen nedenfor\ninn i nettleseren din: [:actionURL](:actionURL)",
  "Invalid signature.": "Ugyldig signatur.",
  "Login": "Logg inn",
  "Logout": "Logg ut",
  "Name": "Navn",
  "Not Found": "Ikke funnet",
  "Oh no": "Å nei",
  "Page Expired": "Siden har utløpt",
  "Page Not Found": "Siden ble ikke funnet",
  "Password": "Passord",
  "Please click the button below to verify your email address.": "Vennligst klikk på knappen nedenfor for å bekrefte e-postadressen din.",
  "Regards": "Vennlig hilsen",
  "Register": "Registrer",
  "Remember Me": "Husk meg",
  "Reset Password": "Nullstill passord",
  "Reset Password Notification": "Varsling om å nullstille passord",
  "Send Password Reset Link": "Send lenke for å nullstille passordet",
  "Server Error": "Server-feil",
  "Service Unavailable": "Tjenesten er utilgjengelig",
  "Sorry, the page you are looking for could not be found.": "Beklager, siden du ser etter ble ikke funnet.",
  "Sorry, you are forbidden from accessing this page.": "Beklager, denne siden er forbudt for deg.",
  "Sorry, you are making too many requests to our servers.": "Beklager, du sender for mange forespørsler til våre servere.",
  "Sorry, you are not authorized to access this page.": "Beklager, du er ikke autorisert til å besøke denne siden.",
  "Sorry, you are forbidden to access this page.": "Beklager, denne siden er forbudt for deg.",
  "Sorry, your session has expired. Please refresh and try again.": "Beklager, økten din har utløpt. Last siden på nytt og prøv igjen.",
  "Sorry, we are doing some maintenance. Please check back soon.": "Beklager, vi utfører litt vedlikehold. Vennligst prøv igjen snart.",
  "This action is unauthorized.": "Denne handlingen er uautorisert.",
  "This password reset link will expire in :count minutes.": "Lenken for å nullstille passordet utløper om :count minutter.",  
  "Toggle navigation": "Vis/skjul navigasjon",
  "Too Many Attempts.": "For mange forsøk.",  
  "Too Many Requests": "For mange forespørsler",
  "Unauthorized": "Uautorisert",
  "Verify Email Address": "Bekreft e-postadresse",
  "Verify Your Email Address": "Bekreft e-postadressen din",
  "You are receiving this email because we received a password reset request for your account.": "Du får denne e-posten fordi vi har mottatt en forespørsel om å nullstille passordet til kontoen din.",
  "Your email address is not verified.": "E-postadressen din er ikke bekreftet.",
  "Whoops!": "Oisann!",
  "Whoops, something went wrong on our servers.": "Oisann, noe har gått galt på serverne våre."
}
