{
  "A fresh verification link has been sent to your email address.": "Ei ny stadfestingslenke har blitt sendt til e-postadressa di.",
  "All rights reserved.": "Alle rettar reservert.",
  "Before proceeding, please check your email for a verification link.": "Før du fortsett, vennligst sjekk e-posten din og sjå etter ei stadfestingslenke.",
  "click here to request another": "klikk her for å be om ei ny",
  "Confirm Password": "Bekreft passord",
  "E-Mail Address": "E-postadresse",
  "Forbidden": "Forbode",
  "Forgot Your Password?": "Gløymd passordet ditt?",
  "Go Home": "Gå til forsida",
  "Hello!": "Hallo!",
  "If you did not create an account, no further action is required.": "Dersom du ikkje har oppretta ein konto, treng du ikkje gjere noko.",
  "If you did not receive the email": "Dersom du ikkje har motteke e-posten",
  "If you did not request a password reset, no further action is required.": "Dersom du ikkje har bede om å nullstille passordet, treng du ikkje gjere noko.",
  "If you’re having trouble clicking the \":actionText\" button, copy and paste the URL below\ninto your web browser: [:actionURL](:actionURL)": "Dersom du har problem med å klikke \":actionText\"-knappen, kopier og lim nettadressa nedanfor\ninn i nettlesaren din: [:actionURL](:actionURL)",
  "Invalid signature.": "Ugyldig signatur.",
  "Login": "Logg inn",
  "Logout": "Logg ut",
  "Name": "Namn",
  "Not Found": "Ikkje funne",
  "Oh no": "Å nei",
  "Page Expired": "Sida har utløpt",
  "Password": "Passord",
  "Please click the button below to verify your email address.": "Ver snill og klikk på knappen nedanfor for å bekrefte e-postadressa di.",
  "Regards": "Venleg helsing",
  "Register": "Registrer",
  "Remember Me": "Hugs meg",
  "Reset Password": "Nullstill passord",
  "Reset Password Notification": "Varsling om å nullstille passord",
  "Send Password Reset Link": "Send lenke for å nullstille passordet",
  "Server Error": "Server-feil",
  "Service Unavailable": "Tenesta er ikkje tilgjengeleg",
  "This action is unauthorized.": "Denne handlinga er uautorisert.",
  "This password reset link will expire in :count minutes.": "Lenka for å nullstille passordet vil utløpe om :count minutt.",
  "Toggle navigation": "Vis/skjul navigasjon",
  "Too Many Attempts.": "For mange forsøk.",
  "Too Many Requests": "For mange førespurnader",
  "Unauthorized": "Uautorisert",
  "Verify Email Address": "Bekreft e-postadresse",
  "Verify Your Email Address": "Bekreft e-postadressa din",
  "You are receiving this email because we received a password reset request for your account.": "Du får denne e-posten fordi vi har motteke ein førespurnad om å nullstille passordet til kontoen din.",
  "Your email address is not verified.": "E-postadressa di er ikkje bekrefta.",
  "Whoops!": "Oisann!"
}
